<aetgt:getResponse xmlns:aetgt="http://schemas.active-endpoints.com/appmodules/repository/2010/10/avrepository.xsd"
                   xmlns:types1="http://schemas.active-endpoints.com/appmodules/repository/2010/10/avrepository.xsd">
   <types1:Item>
      <types1:EntryId>sm8lnCmp6oIuQaa-gt-15387076-2023-07-23T03:39:18.303Z::pd.xml</types1:EntryId>
      <types1:Name>TokenManager-1</types1:Name>
      <types1:MimeType>application/xml+process</types1:MimeType>
      <types1:Description/>
      <types1:AppliesTo/>
      <types1:Tags>.anonymous</types1:Tags>
      <types1:VersionLabel>1.0</types1:VersionLabel>
      <types1:State>CURRENT</types1:State>
      <types1:ProcessGroup/>
      <types1:CreatedBy>fzahid@informatica.com</types1:CreatedBy>
      <types1:CreationDate>2023-07-23T03:39:18Z</types1:CreationDate>
      <types1:ModifiedBy>fzahid@informatica.com</types1:ModifiedBy>
      <types1:ModificationDate>2023-07-23T03:41:41Z</types1:ModificationDate>
      <types1:PublicationStatus>unpublished</types1:PublicationStatus>
      <types1:AutosaveExists>false</types1:AutosaveExists>
      <types1:Entry>
         <process xmlns="http://schemas.active-endpoints.com/appmodules/screenflow/2010/10/avosScreenflow.xsd"
                  xmlns:tfm="http://schemas.active-endpoints.com/appmodules/screenflow/2021/04/taskflowModel.xsd"
                  xmlns:list="urn:activevos:spi:list:functions"
                  displayName="TokenManager"
                  name="TokenManager-1"
                  overrideAPIName="false">
            <parameterSet xmlns="http://schemas.active-endpoints.com/appmodules/screenflow/2021/04/taskflowModel.xsd"/>
            <appliesTo/>
            <description/>
            <tags>.anonymous</tags>
            <generator>Informatica Process Designer 11</generator>
            <tempFields>
               <field description="in miliseconds" name="t_timeout" type="int">
                  <options>
                     <option name="required">false</option>
                     <option name="initialvalue">-1</option>
                  </options>
               </field>
               <field description="in miliseconds" name="t_timeOfRequest" type="int">
                  <options>
                     <option name="required">false</option>
                  </options>
               </field>
               <field description="" name="t_Token" type="string">
                  <options>
                     <option name="required">false</option>
                  </options>
               </field>
            </tempFields>
            <notes/>
            <deployment skipIfRunning="false" suspendOnFault="false" tracingLevel="verbose">
               <rest>
                  <allowAnonymousAccess/>
               </rest>
            </deployment>
            <eventDefinitions>
               <messageDefinition name="TokenRequest">
                  <input>
                     <parameter correlationPath="."
                                description=""
                                name="index"
                                required="true"
                                type="int">
                        <options>
                           <option name="required">false</option>
                        </options>
                     </parameter>
                  </input>
                  <output>
                     <field description="" name="o_OauthToken" type="string">
                        <options>
                           <option name="required">false</option>
                        </options>
                     </field>
                     <field description="" name="o_timeout" type="string">
                        <options>
                           <option name="required">false</option>
                        </options>
                     </field>
                  </output>
                  <deployment>
                     <rest>
                        <allowAnonymousAccess/>
                     </rest>
                  </deployment>
               </messageDefinition>
            </eventDefinitions>
            <flow id="a">
               <start id="b">
                  <link id="lketc0xr" targetId="lketc0xq"/>
               </start>
               <milestone id="lketc0xq">
                  <title>Send 200 Indicating Start</title>
                  <link id="lketc131" targetId="lketc10n"/>
               </milestone>
               <receive id="lketc10n">
                  <title>Wait for token Request</title>
                  <message refer="TokenRequest">
                     <correlation>
                        <parameter name="index" source="constant" updatable="true">1</parameter>
                     </correlation>
                  </message>
                  <link id="lketc11c" targetId="lketc11b"/>
               </receive>
               <assignment id="lketc11b">
                  <title>Check Token Timeout</title>
                  <operation source="formula" to="temp.t_timeout">
                     <expression language="XQuery">$temp.t_timeout - (date:now() - $temp.t_timeOfRequest )</expression>
                  </operation>
                  <link id="lketc11j" targetId="lketc11i"/>
               </assignment>
               <container id="lketc11i" type="exclusive">
                  <title>t_timeout</title>
                  <flow id="lketc11m">
                     <service id="lkew46zw">
                        <title>Get Token</title>
                        <serviceName>value-not-set</serviceName>
                        <serviceGUID/>
                        <serviceInput/>
                        <link id="lkew46zx" targetId="lketc132"/>
                     </service>
                     <assignment id="lketc132">
                        <title>Set Variables</title>
                        <operation source="formula" to="temp.t_timeout">
                           <expression language="XQuery">&lt;Token Validity in Seconds as integer, multipled by 1000 to convert to milisecond&gt; * 1000</expression>
                        </operation>
                        <operation source="formula" to="temp.t_timeOfRequest">
                           <expression language="XQuery">date:now()</expression>
                        </operation>
                        <operation source="formula" to="temp.t_Token">
                           <expression language="XQuery">&lt;Set Token here&gt;</expression>
                        </operation>
                        <link id="lketc148" targetId="lketc13i"/>
                     </assignment>
                     <jumpTo id="lketc13i">
                        <link id="lketc13j" targetId="lketc13p"/>
                     </jumpTo>
                  </flow>
                  <flow id="lketc11p">
                     <assignment id="lketc13p">
                        <title>Assignment to o_OauthToken, o_timeout</title>
                        <operation source="field" to="output.o_OauthToken">temp.t_Token</operation>
                        <operation source="field" to="output.o_timeout">temp.t_timeout</operation>
                        <link id="lketc13u" targetId="lketc13t"/>
                     </assignment>
                     <milestone id="lketc13t">
                        <title>Token Sent</title>
                        <link id="lketc140" targetId="lketc13y"/>
                     </milestone>
                     <jumpTo id="lketc13y">
                        <link id="lketc13z" targetId="lketc10n"/>
                     </jumpTo>
                  </flow>
                  <link id="lketc11l" targetId="lketc11m" type="containerLink">
                     <condition source="formula">
                        <function name="less-or-equals">
                           <arg name="left">{$temp.t_timeout}</arg>
                           <arg name="right">{0}</arg>
                        </function>
                     </condition>
                  </link>
                  <link id="lketc11o" targetId="lketc11p" type="containerLink"/>
               </container>
            </flow>
         </process>
         <ns1:sample-data-sets xmlns:ns1="http://schemas.active-endpoints.com/appmodules/repository/2010/10/sampleData.xsd">
            <ns1:SampleData>
               <ns1:Id>4a2be54f-0f98-45e2-b398-b30c08fdea5d</ns1:Id>
               <ns1:Name>blank</ns1:Name>
               <ns1:CreatedBy>fzahid@informatica.com</ns1:CreatedBy>
               <ns1:CreationDate>2023-07-23T03:39:18Z</ns1:CreationDate>
               <ns1:ModifiedBy>fzahid@informatica.com</ns1:ModifiedBy>
               <ns1:ModificationDate>2023-07-23T03:39:18Z</ns1:ModificationDate>
               <ns1:Data format="json">{}</ns1:Data>
            </ns1:SampleData>
         </ns1:sample-data-sets>
      </types1:Entry>
      <types1:GUID>k6noLA31i6vk27bxsd8PmM</types1:GUID>
      <types1:DisplayName>TokenManager</types1:DisplayName>
   </types1:Item>
   <types1:CurrentServerDateTime>2023-07-23T03:41:53.767Z</types1:CurrentServerDateTime>
</aetgt:getResponse>
