{
  "name" : "TokenManager-1690083709523",
  "sourceOrgId" : "d8r0be7JkgZkHAt6AvSHYV",
  "sourceOrgName" : "FAZ-IICS",
  "exportedObjects" : [ {
    "objectGuid" : "1ZLHhbI8361drDlFIaDOKG",
    "objectName" : "Default",
    "objectType" : "Project",
    "path" : "/Explore",
    "metadata" : {
      "modelVersion" : {
        "major" : 0,
        "minor" : 0
      },
      "repoInfo" : null,
      "objectRefs" : [ ],
      "contextAttributes" : [ {
        "name" : "IS_DEF_LOC",
        "value" : "true"
      } ],
      "additionalInfo" : {
        "description" : "Auto-generated Default Project",
        "contentType" : null,
        "documentState" : "COMPLETE"
      }
    }
  }, {
    "objectGuid" : "k6noLA31i6vk27bxsd8PmM",
    "objectName" : "TokenManager",
    "objectType" : "PROCESS",
    "path" : "/Explore/Default",
    "metadata" : {
      "modelVersion" : {
        "major" : 1,
        "minor" : 0
      },
      "repoInfo" : {
        "repoHandle" : "sm8lnCmp6oIuQaa-gt-15387076-2023-07-23T03:39:18.303Z::pd.xml"
      },
      "objectRefs" : [ ],
      "contextAttributes" : null,
      "additionalInfo" : {
        "description" : "",
        "contentType" : "application/json; charset=utf-8",
        "documentState" : "INVALID"
      }
    }
  } ]
}